{
  "project_info": {
    "project_number": "581523122425",
    "project_id": "market-ecf5d",
    "storage_bucket": "market-ecf5d.appspot.com"
  },
  "client": [
    {
      "client_info": {
        "mobilesdk_app_id": "1:581523122425:android:60c0c0a60f5fe0c0499a28",
        "android_client_info": {
          "package_name": "com.market"
        }
      },
      "oauth_client": [
        {
          "client_id": "581523122425-d2cgivdngv81qmgjl80fgu9f8vie7i35.apps.googleusercontent.com",
          "client_type": 3
        }
      ],
      "api_key": [
        {
          "current_key": "AIzaSyA0Z-CSO_KXjYkpr7jqAbNBDaIFZgsdcpA"
        }
      ],
      "services": {
        "appinvite_service": {
          "other_platform_oauth_client": [
            {
              "client_id": "581523122425-d2cgivdngv81qmgjl80fgu9f8vie7i35.apps.googleusercontent.com",
              "client_type": 3
            }
          ]
        }
      }
    }
  ],
  "configuration_version": "1"
}